{
    "kills": 9234,
    "deaths": 314,
    "kd": 29.407642364501954,
    "assists": 0,
    "headshots": 999,
    "headshotRate": 10.818713188171387,
    "accuracy": 0.0,
    "matchesPlayed": 9824,
    "timePlayedHours": 871,
    "timePlayedMinutes": 0,
    "currentMMR": 297,
    "currentRank": "Bronze1"
}