{
    "kills": 9242,
    "deaths": 330,
    "kd": 28.006061553955079,
    "assists": 0,
    "headshots": 999,
    "headshotRate": 10.809349060058594,
    "accuracy": 0.0,
    "matchesPlayed": 9825,
    "timePlayedHours": 871,
    "timePlayedMinutes": 0,
    "currentMMR": 297,
    "currentRank": "Bronze1"
}