{
    "kills": 9219,
    "deaths": 300,
    "kd": 30.729999542236329,
    "assists": 0,
    "headshots": 999,
    "headshotRate": 10.836316108703614,
    "accuracy": 0.0,
    "matchesPlayed": 9821,
    "timePlayedHours": 871,
    "timePlayedMinutes": 0,
    "currentMMR": 250,
    "currentRank": "Bronze1"
}